,0
0,2021.03.04
1,2021.03.04
2,2021.02.20
3,2021.01.25
4,2021.01.22
5,2021.01.10
6,2021.01.05
7,2020.12.30
8,2020.09.22
9,2020.09.23
10,2021.02.28
11,2021.02.24
12,2021.02.23
13,2021.02.19
14,2021.02.14
15,2021.02.11
16,2021.02.08
17,2021.02.06
18,2021.02.06
19,2021.02.04
20,2021.02.02
21,2021.01.20
22,2021.01.07
23,2020.12.13
24,2020.11.23
25,2020.10.16
26,2020.09.29
27,2020.08.07
28,2020.07.30
29,2020.07.26
30,2020.07.20
31,2020.07.01
32,2020.06.04
33,2020.05.28
34,2020.05.17
35,2020.04.13
36,2021.01.30
37,2021.01.30
38,2021.01.21
39,2021.01.16
40,2021.01.08
41,2021.01.07
42,2021.01.06
43,2020.12.03
44,2020.11.10
45,2020.09.06
46,2020.08.20
47,2020.08.07
48,2020.07.30
49,2020.06.30
50,2020.06.28
51,2020.06.25
52,2020.06.15
53,2020.06.08
54,2020.05.28
55,2020.05.28
56,2020.05.17
57,2021.03.04
58,2021.03.02
59,2021.02.28
60,2021.02.28
61,2021.02.25
62,2021.02.07
63,2021.02.07
64,2021.01.31
65,2021.01.28
66,2021.01.23
67,2020.12.09
68,2020.12.04
69,2020.12.03
70,2020.12.02
71,2020.12.01
72,2020.11.26
73,2020.11.20
74,2020.09.28
75,2020.09.07
76,2020.07.18
77,2020.07.04
78,2020.07.01
79,2020.06.28
80,2020.06.07
81,2020.06.06
82,2020.06.05
83,2020.06.04
84,2020.06.04
85,2020.06.02
86,2020.05.29
87,2020.05.23
88,2020.05.21
89,2020.05.21
90,2020.05.13
91,2020.05.04
92,2020.05.03
93,2020.05.02
94,2020.04.29
95,2020.04.27
96,2021.02.21
97,2021.02.05
98,2021.02.01
99,2021.01.30
100,2020.06.22
101,2020.06.15
102,2020.06.06
103,2020.06.04
104,2020.06.04
105,2020.06.03
106,2020.06.02
107,2020.06.01
108,2020.06.01
109,2020.06.01
110,2020.05.30
111,2020.05.30
112,2020.05.29
113,2020.05.27
114,2020.05.26
115,2020.05.26
116,2020.05.21
117,2020.05.19
118,2020.05.17
119,2020.05.09
120,2020.05.08
121,2020.05.03
122,2020.05.03
123,2020.05.02
124,2020.04.26
125,2021.03.03
126,2021.03.03
127,2021.03.01
128,2021.02.26
129,2021.02.18
130,2021.02.17
131,2021.02.17
132,2021.02.11
133,2021.02.05
134,2021.02.03
135,2021.02.02
136,2021.01.16
137,2020.12.22
138,2020.12.17
139,2020.12.07
140,2020.12.01
141,2020.11.30
142,2020.11.30
143,2020.11.27
144,2020.11.24
145,2020.11.21
146,2020.11.16
147,2020.11.15
148,2020.11.13
149,2020.11.10
150,2020.11.10
151,2020.11.09
152,2020.11.09
153,2020.11.09
154,2020.11.09
155,2020.11.07
156,2020.11.03
157,2020.11.01
158,2020.10.27
159,2020.10.25
160,2020.10.11
161,2020.09.29
162,2020.09.28
163,2020.09.27
164,2020.09.20
165,2020.09.20
166,2020.09.13
167,2020.08.30
168,2020.08.29
169,2020.08.15
170,2020.08.14
171,2020.08.14
172,2020.08.08
173,2020.08.02
174,2020.07.30
175,2020.07.28
176,2020.07.26
177,2020.07.25
178,2020.07.25
179,2020.07.24
180,2020.07.21
181,2020.07.20
182,2020.07.11
183,2020.07.04
184,2020.06.26
185,2020.06.18
186,2020.06.12
187,2020.06.06
188,2020.06.06
189,2020.06.02
190,2020.06.01
191,2020.06.01
192,2020.05.31
193,2020.05.31
194,2020.05.31
195,2020.05.31
196,2020.05.31
197,2020.05.30
198,2020.05.29
199,2020.05.29
200,2020.05.27
201,2020.05.25
202,2020.05.24
203,2020.05.20
204,2020.05.16
205,2020.05.16
206,2020.05.14
207,2020.05.13
208,2020.05.09
209,2020.05.09
210,2020.05.08
211,2020.05.06
212,2020.05.04
213,2020.05.03
214,2020.05.02
215,2020.04.29
216,2020.04.29
217,2020.04.26
218,2020.04.24
219,2021.02.01
220,2021.02.01
221,2021.01.31
222,2021.01.31
223,2021.01.26
224,2021.01.22
225,2021.01.20
226,2021.01.19
227,2021.01.19
228,2021.01.18
229,2021.01.17
230,2021.01.11
231,2021.01.09
232,2021.01.08
233,2021.01.08
234,2021.01.07
235,2020.12.24
236,2020.12.17
237,2020.12.14
238,2020.12.13
239,2020.12.10
240,2020.12.06
241,2020.12.01
242,2020.11.30
243,2020.11.23
244,2020.11.19
245,2020.11.18
246,2020.11.03
247,2020.10.20
248,2020.09.27
249,2020.09.25
250,2020.09.23
251,2020.09.20
252,2020.09.19
253,2020.09.13
254,2020.09.05
255,2020.09.04
256,2020.08.12
257,2020.08.10
258,2020.08.06
259,2020.08.01
260,2020.07.20
261,2020.07.18
262,2020.07.14
263,2020.07.13
264,2020.07.12
265,2020.07.10
266,2020.07.08
267,2020.07.07
268,2020.07.06
269,2020.07.06
270,2020.07.06
271,2020.07.02
272,2020.06.29
273,2020.06.24
274,2020.06.21
275,2020.06.21
276,2020.06.20
277,2020.06.18
278,2020.06.18
279,2020.06.14
280,2020.06.13
281,2020.06.12
282,2020.06.10
283,2020.06.10
284,2020.06.07
285,2020.06.07
286,2020.06.05
287,2020.06.04
288,2020.06.04
289,2020.06.03
290,2020.06.01
291,2020.05.31
292,2020.05.29
293,2020.05.29
294,2020.05.27
295,2020.05.27
296,2020.05.26
297,2020.05.25
298,2020.05.25
299,2020.05.25
300,2020.05.24
301,2020.05.23
302,2020.05.22
303,2020.05.20
304,2020.05.20
305,2020.05.18
306,2020.05.18
307,2020.05.18
308,2020.05.18
309,2020.05.18
310,2020.05.18
311,2020.05.18
312,2020.05.17
313,2020.05.17
314,2020.05.15
315,2020.05.15
316,2020.05.14
317,2020.05.13
318,2020.05.12
319,2020.05.12
320,2020.05.09
321,2020.05.08
322,2020.05.06
323,2020.05.05
324,2020.05.05
325,2020.05.02
326,2020.05.02
327,2020.05.01
328,2020.05.01
329,2020.04.30
330,2020.04.30
331,2020.04.29
332,2020.04.29
333,2020.04.29
334,2020.04.26
335,2020.04.17
336,2020.04.17
337,2020.12.31
338,2020.12.31
339,2020.12.28
340,2020.12.26
341,2020.12.26
342,2020.12.26
343,2020.12.21
344,2020.12.19
345,2020.12.18
346,2020.12.17
347,2020.12.17
348,2020.12.17
349,2020.12.17
350,2020.12.16
351,2020.12.15
352,2020.12.14
353,2020.12.13
354,2020.12.12
355,2020.12.12
356,2020.12.11
357,2020.12.11
358,2020.12.10
359,2020.12.09
360,2020.12.09
361,2020.12.07
362,2020.12.07
363,2020.12.07
364,2020.12.07
365,2020.12.06
366,2020.12.06
367,2020.12.06
368,2020.12.06
369,2020.12.05
370,2020.12.04
371,2020.12.04
372,2020.12.04
373,2020.12.01
374,2020.11.29
375,2020.11.25
376,2020.10.20
377,2020.10.03
378,2020.09.24
379,2020.09.24
380,2020.09.22
381,2020.09.22
382,2020.09.18
383,2020.09.15
384,2020.09.15
385,2020.09.14
386,2020.09.10
387,2020.09.09
388,2020.09.05
389,2020.09.05
390,2020.08.27
391,2020.08.24
392,2020.08.21
393,2020.08.19
394,2020.08.17
395,2020.08.15
396,2020.08.13
397,2020.08.11
398,2020.08.07
399,2020.08.01
400,2020.07.31
401,2020.07.29
402,2020.07.23
403,2020.07.13
404,2020.07.09
405,2020.07.04
406,2020.06.23
407,2020.05.31
408,2020.05.27
409,2020.05.25
410,2020.05.23
411,2020.05.20
412,2020.05.04
413,2020.04.27
414,2020.04.17
415,2020.04.14
416,2020.04.13
417,2020.12.03
418,2020.12.03
419,2020.12.03
420,2020.12.03
421,2020.12.03
422,2020.12.02
423,2020.11.29
424,2020.11.29
425,2020.11.29
426,2020.11.25
427,2020.11.25
428,2020.11.23
429,2020.11.20
430,2020.11.19
431,2020.11.17
432,2020.11.06
433,2020.11.04
434,2020.11.04
435,2020.11.03
436,2020.11.01
437,2020.11.01
438,2020.10.22
439,2020.10.18
440,2020.10.17
441,2020.10.15
442,2020.10.11
443,2020.10.08
444,2020.10.03
445,2020.09.27
446,2020.09.27
447,2020.09.27
448,2020.09.25
449,2020.09.24
450,2020.09.22
451,2020.09.20
452,2020.09.20
453,2020.09.20
454,2020.09.15
455,2020.09.05
456,2020.09.05
457,2020.08.31
458,2020.08.29
459,2020.08.28
460,2020.08.23
461,2020.08.21
462,2020.08.21
463,2020.08.21
464,2020.08.19
465,2020.08.19
466,2020.08.16
467,2020.08.14
468,2020.08.12
469,2020.08.09
470,2020.08.09
471,2020.08.08
472,2020.08.06
473,2020.08.03
474,2020.08.03
475,2020.08.03
476,2020.08.03
477,2020.08.02
478,2020.07.30
479,2020.07.30
480,2020.07.30
481,2020.07.28
482,2020.07.25
483,2020.07.22
484,2020.07.19
485,2020.07.16
486,2020.07.11
487,2020.07.11
488,2020.07.10
489,2020.07.05
490,2020.07.03
491,2020.06.30
492,2020.06.29
493,2020.06.17
494,2020.06.11
495,2020.06.06
496,2020.06.04
497,2020.06.03
498,2020.06.03
499,2020.06.02
500,2020.06.02
501,2020.06.02
502,2020.06.01
503,2020.05.31
504,2020.05.31
505,2020.05.31
506,2020.05.31
507,2020.05.30
508,2020.05.30
509,2020.05.28
510,2020.05.27
511,2020.05.25
512,2020.05.22
513,2020.05.19
514,2020.05.18
515,2020.05.17
516,2020.05.11
517,2020.05.11
518,2020.05.10
519,2020.05.10
520,2020.04.28
521,2020.04.27
522,2020.04.24
523,2020.04.23
524,2020.09.17
525,2020.09.04
526,2020.08.29
527,2020.08.26
528,2020.08.21
529,2020.08.19
530,2020.08.19
531,2020.08.16
532,2020.08.13
533,2020.08.10
534,2020.08.05
535,2020.08.03
536,2020.08.03
537,2020.07.30
538,2020.07.25
539,2020.07.24
540,2020.07.23
541,2020.07.21
542,2020.07.21
543,2020.07.21
544,2020.07.19
545,2020.07.17
546,2020.07.17
547,2020.07.16
548,2020.07.16
549,2020.07.16
550,2020.07.13
551,2020.07.13
552,2020.07.10
553,2020.07.09
554,2020.07.08
555,2020.07.06
556,2020.07.06
557,2020.06.30
558,2020.06.27
559,2020.06.26
560,2020.06.22
561,2020.06.18
562,2020.06.17
563,2020.06.17
564,2020.06.17
565,2020.06.17
566,2020.06.16
567,2020.06.15
568,2020.06.13
569,2020.06.13
570,2020.06.12
571,2020.06.11
572,2020.06.10
573,2020.06.10
574,2020.06.10
575,2020.06.09
576,2020.06.09
577,2020.06.08
578,2020.06.08
579,2020.06.08
580,2020.06.08
581,2020.06.08
582,2020.06.06
583,2020.06.06
584,2020.06.05
585,2020.06.03
586,2020.06.03
587,2020.06.03
588,2020.06.03
589,2020.06.02
590,2020.05.30
591,2020.05.30
592,2020.05.29
593,2020.05.29
594,2020.05.28
595,2020.05.27
596,2020.05.27
597,2020.05.26
598,2020.05.26
599,2020.05.25
600,2020.05.25
601,2020.05.25
602,2020.05.25
603,2020.05.24
604,2020.05.24
605,2020.05.24
606,2020.05.24
607,2020.05.24
608,2020.05.23
609,2020.05.22
610,2020.05.22
611,2020.05.20
612,2020.05.20
613,2020.05.20
614,2020.05.19
615,2020.05.18
616,2020.05.17
617,2020.05.17
618,2020.05.17
619,2020.05.16
620,2020.05.16
621,2020.05.15
622,2020.05.15
623,2020.05.14
624,2020.05.13
625,2020.05.13
626,2020.05.13
627,2020.05.12
628,2020.05.08
629,2020.05.05
630,2020.05.03
631,2020.05.03
632,2020.05.01
633,2020.04.29
634,2020.04.28
635,2020.04.28
636,2020.04.27
637,2020.04.25
638,2020.04.23
639,2020.05.06
640,2020.10.15
641,2020.09.28
642,2020.06.16
643,2020.05.11
644,2020.05.10
645,2020.07.06
646,2020.07.05
647,2020.07.04
648,2020.07.03
649,2020.07.01
650,2020.07.01
651,2020.06.30
652,2020.06.29
653,2020.06.27
654,2020.06.27
655,2020.06.27
656,2020.06.26
657,2020.06.25
658,2020.06.23
659,2020.06.19
660,2020.06.19
661,2020.06.16
662,2020.06.15
663,2020.06.15
664,2020.06.12
665,2020.06.12
666,2020.06.11
667,2020.06.11
668,2020.06.09
669,2020.06.09
670,2020.06.08
671,2020.06.08
672,2020.06.08
673,2020.06.08
674,2020.06.07
675,2020.06.06
676,2020.06.06
677,2020.06.06
678,2020.06.04
679,2020.06.04
680,2020.06.04
681,2020.06.04
682,2020.06.04
683,2020.06.04
684,2020.06.04
685,2020.06.04
686,2020.06.04
687,2020.06.04
688,2020.06.03
689,2020.06.03
690,2020.06.02
691,2020.06.02
692,2020.06.01
693,2020.06.01
694,2020.06.01
695,2020.06.01
696,2020.06.01
697,2020.05.31
698,2020.05.31
699,2020.05.31
